source_issue_id,repo_key,state,opened_at,closed_at
IS-1,meridian/dmops-001-analysis,open,2026-04-20T09:00:00Z,
IS-2,meridian/dmops-001-analysis,open,2026-05-25T10:00:00Z,
IS-3,meridian/dmops-001-analysis,open,2026-06-10T09:00:00Z,
IS-4,meridian/dmops-001-analysis,open,2026-06-25T14:00:00Z,
IS-5,meridian/dmops-001-analysis,closed,2026-06-01T09:00:00Z,2026-06-05T09:00:00Z
IS-6,meridian/dmops-001-analysis,closed,2026-06-03T10:00:00Z,2026-06-12T10:00:00Z
IS-7,meridian/dmops-001-analysis,closed,2026-05-15T08:00:00Z,2026-06-16T08:00:00Z
IS-8,meridian/dmops-001-analysis,closed,2026-05-01T09:00:00Z,2026-05-20T09:00:00Z
IS-9,meridian/dmops-001-analysis,closed,2026-06-20T12:00:00Z,2026-06-22T12:00:00Z
